"id","_type","skill_0_id","skill_1_id","skill_2_id","skill_3_id","skill_0_lv","skill_1_lv","skill_2_lv","skill_3_lv","wtf_1_0","wtf_1_1","name","text","graphic","rank","type"
"0","0","0","0","67","60","8","0","4","4","5","12","ブリード火炎犬","人間の手で飼育された火炎犬。野生は失ったが、種族独特の炎は変わらず強い。","1_FlameDog_collar.sad","N","力"
"1","0","68","0","24","68","8","0","4","4","1","11","青の火炎犬","山岳地帯で育った元気な火炎犬。人間が近づくと、口から青色の炎を吹き出す。","2~11_FlameDog.sad","N","力"
"2","1","10","0","56","2","8","0","4","4","6","15","緑の火炎犬","山岳地帯で育った元気な火炎犬。人間が近づくと、口から緑色の炎を吹き出す。","2~11_FlameDog.sad","N","知識"
"3","1","26","0","2","54","8","0","4","4","4","14","紫の火炎犬","山岳地帯で育った元気な火炎犬。人間が近づくと、口から紫色の炎を吹き出す。","2~11_FlameDog.sad","N","知識"
"4","2","21","0","55","18","8","0","4","4","4","13","灰の火炎犬","山岳地帯で育った元気な火炎犬。人間が近づくと、口から灰色の炎を吹き出す。","2~11_FlameDog.sad","N","健康"
"5","2","0","0","0","50","8","0","4","4","2","10","赤の火炎犬","山岳地域で育った元気な火炎犬。人間が近づくと、口から赤色の炎を吹き出す。","2~11_FlameDog.sad","N","健康"
"6","3","38","0","39","45","8","0","4","4","4","14","紫の閃光犬","砂漠地帯で育った元気な閃光犬。人間が近づくと、口から紫色の炎を吹き出す。","2~11_FlameDog.sad","N","サポート"
"7","3","18","0","17","60","8","0","4","4","5","15","水色の閃光犬","砂漠地域で育った元気な閃光犬。人間が近づくと、全身から水色の炎を吹き出す。","2~11_FlameDog.sad","N","サポート"
"8","3","2","0","48","11","8","0","4","4","2","10","赤の閃光犬","砂漠地域で育った元気な閃光犬。人間が近づくと、全身から赤色の炎を吹き出す。","2~11_FlameDog.sad","N","サポート"
"9","0","29","0","37","26","8","0","4","4","3","11","青の閃光犬","砂漠地域で育った元気な閃光犬。人間が近づくと、全身から青色の炎を吹き出す。","2~11_FlameDog.sad","N","力"
"10","0","66","0","64","62","8","0","4","4","6","15","変異火炎犬","火炎犬と閃光犬から生まれた変種の火炎犬。全身に強い炎をまとっている。","2~11_FlameDog.sad","N","力"
"11","1","32","0","68","21","8","0","4","4","3","11","乙女ミニゴースト","大きなリボンをつけたミニゴースト。人間の笑顔が好き。軽やかな動きが印象的だ。","12_LittleGhost_wom.sad","N","知識"
"12","1","14","0","25","6","8","0","4","4","1","11","海ミニゴースト","海で生息していたミニゴースト。好奇心旺盛で、船が通ると船員たちにいたずらして驚かせることもある。","13~22_LittleGhost.sad","N","知識"
"13","1","30","0","6","14","8","0","4","4","6","12","森ミニゴースト","森の中で生息していたミニゴースト。森で迷った傭兵たちの道案内をしてくれる。","13~22_LittleGhost.sad","N","知識"
"14","0","0","0","61","23","8","0","4","4","5","12","崖ミニゴースト","人影の少ない崖で生息していたミニゴースト。ずっと寂しかったのか、人懐っこい。","13~22_LittleGhost.sad","N","力"
"15","2","45","0","45","21","8","0","4","4","4","13","岩ミニゴースト","岩付近で生息していたミニゴースト。動くのが嫌いで、誰かが近づいても動かずじっとしていることが多い。","13~22_LittleGhost.sad","N","健康"
"16","2","24","0","26","36","8","0","4","4","2","11","砂漠ミニゴースト","砂漠で生息していたミニゴースト。ラクダの後ろをついて歩くことが好きだけど、よく砂漠の真ん中で迷子になってしまう。","13~22_LittleGhost.sad","N","健康"
"17","3","6","0","34","14","8","0","4","4","4","10","滝ミニゴースト","滝で生息していたミニゴースト。激しい流れに逆らいながら滝を上ることが趣味。","13~22_LittleGhost.sad","N","サポート"
"18","3","18","0","37","49","8","0","4","4","6","13","平原ミニゴースト","平原で生息していたミニゴースト。人間を見かけると、必死に驚かそうとするが、毎回失敗している。","13~22_LittleGhost.sad","N","サポート"
"19","1","36","0","61","0","8","0","4","4","5","14","紳士ミニゴースト","フェルトハットをかぶり、付け髭をつけたミニゴースト。本物の紳士を日々追及している。","20_LittleGhost_man.sad","N","知識"
"20","3","38","0","27","39","8","0","4","4","3","13","墓地ミニゴースト","ミニゴーストの中では、自分が一番怖いと勘違いしている。","13~22_LittleGhost.sad","N","サポート"
"21","3","17","0","30","56","8","0","4","4","4","13","地下ミニゴースト","地下で生息していたミニゴースト。臆病で少しの物音でもすぐに隠れてしまう。","13~22_LittleGhost.sad","N","サポート"
"22","0","31","0","38","15","8","0","4","4","1","11","強欲のゴーレム","とても欲張りなグリームゴーレム。他人のモノは俺のモノ、俺のモノも俺のモノ。","23~33_Gleamgolem.sad","N","力"
"23","1","7","0","7","50","8","0","4","4","2","15","忘却のゴーレム","すごく忘れっぽいグリームゴーレム。自分がグリームゴーレムであることすら忘れてしまう。","23~33_Gleamgolem.sad","N","知識"
"24","1","24","0","55","31","8","0","4","4","6","13","貪欲のゴーレム","欲が深いグリームゴーレム。キャンドルのサイズを大きくするためなら狡い行動だってへっちゃら。","23~33_Gleamgolem.sad","N","知識"
"25","1","34","0","39","17","8","0","4","4","5","14","祝福のゴーレム","祝福をあらわすグリームゴーレム。キャンドルの火を聖なるものとして、とても大事にしている。","23~33_Gleamgolem.sad","N","知識"
"26","0","18","0","18","68","8","0","4","4","1","13","勇気のゴーレム","勇気あふれるグリームゴーレム。どんな苦境でも諦めず、キャンドルを立たせて進んでいく。","23~33_Gleamgolem.sad","N","力"
"27","2","67","0","29","56","8","0","4","4","3","10","正義のゴーレム","正義感の強いグリームゴーレム。仲間がいじめられていると、じっとしていられない。","23~33_Gleamgolem.sad","N","健康"
"28","2","29","0","0","67","8","0","4","4","3","14","不屈のゴーレム","根性強いグリームゴーレム。絶対にキャンドルの火は消えない。絶対に。","23~33_Gleamgolem.sad","N","健康"
"29","3","66","0","62","65","8","0","4","4","1","14","幸福のゴーレム","幸せそうに微笑んでいるグリームゴーレム。キャンドルの火は常に明るい色で、勢いよく燃えている。","23~33_Gleamgolem.sad","N","サポート"
"30","3","36","0","47","60","8","0","4","4","2","11","希望のゴーレム","希望に満ちたグリームゴーレム。みんなで集まって光り出すことが好き。","23~33_Gleamgolem.sad","N","サポート"
"31","0","15","0","36","7","8","0","4","4","4","12","憤怒のゴーレム","怒りにとらわれたグリームゴーレム。闇を呪い、キャンドルで光を灯そうとする。","23~33_Gleamgolem.sad","N","力"
"32","0","68","0","31","32","8","0","4","4","5","15","復讐のゴーレム","復讐にとりつかれたグリームゴーレム。キャンドルの火力が強すぎて、身体はどんどん小さくなる。","23~33_Gleamgolem.sad","N","力"
"33","3","3","0","11","47","8","0","4","4","6","14","レビット","ペールオレンジ色の可愛いどこにでもいるレビット種。可愛らしい姿で多くの人から愛されている。","34~44_Rebito.sad","N","サポート"
"34","3","11","0","54","3","8","0","4","4","2","13","リビット","空色の可愛いレビット種。川岸に生息していた種とされている。可愛らしい姿で多くの人から愛されている。","34~44_Rebito.sad","N","サポート"
"35","3","27","0","24","61","8","0","4","4","1","12","ルビット","灰色の可愛いレビット種。海岸に生息していた種とされている。可愛らしい姿で多くの人から愛されている。","34~44_Rebito.sad","N","サポート"
"36","3","18","0","17","32","8","0","4","4","4","10","ロビット","緑色の可愛いレビット種。森に生息していた種とされている。可愛らしい姿で多くの人から愛されている。","34~44_Rebito.sad","N","サポート"
"37","2","21","0","66","27","8","0","4","4","3","14","ブビット","紫色の可愛いレビット種。洞窟に生息していた種とされている。可愛らしい姿で多くの人から愛されている。 ","34~44_Rebito.sad","N","健康"
"38","2","3","0","11","58","8","0","4","4","2","14","レイット","コラール色の可愛いレビット種。地下に生息していた種とされている。可愛らしい姿で多くの人から愛されている。","34~44_Rebito.sad","N","健康"
"39","2","62","0","64","28","8","0","4","4","4","10","ルイット","青色の可愛いレビット種。荒野に生息していた種とされている。可愛らしい姿で多くの人から愛されている。","34~44_Rebito.sad","N","健康"
"40","1","17","0","34","48","8","0","4","4","1","15","ロイット","ピンク色の可愛いレビット種。砂漠に生息していた種とされている。可愛らしい姿で多くの人から愛されている。 ","34~44_Rebito.sad","N","知識"
"41","1","45","0","0","17","8","0","4","4","6","11","ライット","ライトグリーン色の可愛いレビット種。平野で生息していた種とされている。可愛らしい姿で多くの人から愛されている。","34~44_Rebito.sad","N","知識"
"42","1","11","0","3","57","8","0","4","4","5","13","レビント","ライトパープル色の可愛いレビット種。谷で生息していた種とされている。可愛らしい姿で多くの人から愛されている。","34~44_Rebito.sad","N","知識"
"43","0","23","0","38","30","8","0","4","4","1","15","ルビント","濃い橙色の可愛いレビット種。レビット種の中でも最も希少と言われる。可愛らしい姿で多くの人から愛されている。","34~44_Rebito.sad","N","力"
"44","1","5","0","57","21","8","0","4","4","4","11","花霊アサガオ","ピンク色の花霊。花畑に生息し、人間を見ると隠れる習性がある。優雅なしぐさが特徴。","45~55_Blossoms.sad","N","知識"
"45","0","0","0","32","39","8","0","4","4","6","10","花霊ローズ","赤色の花霊。花畑に生息し、人間を見ると隠れる習性がある。優雅なしぐさが特徴。","45~55_Blossoms.sad","N","力"
"46","1","32","0","18","49","8","0","4","4","1","15","花霊スミレ","青色の花霊。花畑に生息し、人間を見ると隠れる習性がある。優雅なしぐさが特徴。","45~55_Blossoms.sad","N","知識"
"47","0","13","0","5","29","8","0","4","4","6","12","花霊ベル","紫色の花霊。花畑に生息し、人間を見ると隠れる習性がある。優雅なしぐさが特徴。","45~55_Blossoms.sad","N","力"
"48","3","28","0","23","25","8","0","4","4","4","12","花霊ナノハ","黄色の花霊。花畑に生息し、人間を見ると隠れる習性がある。優雅なしぐさが特徴。","45~55_Blossoms.sad","N","サポート"
"49","3","56","0","62","63","8","0","4","4","2","13","花霊カスミ","灰色の花霊。花畑に生息し、人間を見ると隠れる習性がある。優雅なしぐさが特徴。","45~55_Blossoms.sad","N","サポート"
"50","1","4","0","21","12","8","0","4","4","4","14","花霊ノウゼン","オレンジ色の花霊。花畑に生息し、人間を見ると隠れる習性がある。優雅なしぐさが特徴。","45~55_Blossoms.sad","N","知識"
"51","3","34","0","18","13","8","0","4","4","1","14","花霊ワスレナ","ライトパープル色の花霊。花畑に生息し、人間を見ると隠れる習性がある。優雅なしぐさが特徴。","45~55_Blossoms.sad","N","サポート"
"52","2","12","0","28","4","8","0","4","4","6","12","花霊アマドコロ","ライトグリーン色の花霊。花畑に生息し、人間を見ると隠れる習性がある。優雅なしぐさが特徴。","45~55_Blossoms.sad","N","健康"
"53","2","67","0","0","26","8","0","4","4","5","15","花霊ウィロウ","緑色の花霊。花畑に生息し、人間を見ると隠れる習性がある。優雅なしぐさが特徴。","45~55_Blossoms.sad","N","健康"
"54","1","61","0","4","36","8","0","4","4","5","10","花霊アイリス","紺色の花霊。花畑に生息し、人間を見ると隠れる習性がある。優雅なしぐさが特徴。","45~55_Blossoms.sad","N","知識"
"55","9","10","0","24","2","16","0","8","8","3","13","黄昏のフレア","踊る黄昏のフレア。全身にまとっている魂の炎で敵を焼いてしまう。","56~60_Lame.sad","R","知識"
"56","9","11","0","3","21","16","0","8","8","3","14","堕落のフレア","灼かれた堕落のフレア。全身にまとっている堕落の炎で敵を焼いてしまう。","56~60_Lame.sad","R","知識"
"57","9","12","0","25","4","16","0","8","8","4","14","呪いのフレア","邪悪な呪いのフレア。全身にまとっている呪いの炎で敵を焼いてしまう。","56~60_Lame.sad","R","知識"
"58","9","3","0","27","11","16","0","8","8","4","13","暗闇のフレア","深い暗闇のフレア。全身にまとっている闇の炎で敵を焼いてしまう。","56~60_Lame.sad","R","知識"
"59","11","32","0","34","49","16","0","8","8","2","10","地獄のフレア","絶望に満ちた地獄のフレア。全身にまとっている地獄の炎で敵を焼いてしまう。","56~60_Lame.sad","R","サポート"
"60","8","30","0","18","17","16","0","8","8","4","15","ボーンナイト","剣と兜で武装した骸骨の騎士。赤い眼で敵を捕らえて、粉砕する。","61.SkeletonWarrior.sad","R","力"
"61","10","5","0","17","5","16","0","8","8","2","12","ボーンウォリアー","斧で武装した骸骨の戦士。赤い眼で敵を捕らえて、力強い斧術で攻撃する。","62_SkeletonWarrior.sad","R","健康"
"62","10","14","0","6","67","16","0","8","8","2","12","ボーンヒーロー","剣で武装した骸骨の勇者。華麗な剣術で敵を攻撃する。黄金色に光っているのが特徴。","63~65_SkeletonWarrior.sad","R","健康"
"63","8","17","0","0","56","16","0","8","8","1","12","ボーンソルジャー","剣で武装した骸骨の兵士。赤い眼で敵を捕らえて、強力な剣術で攻撃する。","63~65_SkeletonWarrior.sad","R","力"
"64","11","6","0","58","14","16","0","8","8","5","10","ボーンシーフ","剣で武装した骸骨の盗賊。闇の中に潜み、敵が現れると一気に粉砕する。","63~65_SkeletonWarrior.sad","R","サポート"
"65","8","56","0","18","68","16","0","8","8","3","13","空色のルジュエ","自由を求める空色のルジュエ。主人に捨てられた後、魔法で命を吹き込まれた。やっと手に入れた自由に、毎日が幸せ。","6670_Crewdal.sad","R","力"
"66","9","2","0","10","45","16","0","8","8","2","15","血色のルジュエ","すべての生命体を呪う血色のルジュエ。主人に捨てられた後、魔法で命を吹き込まれた。生きているものを憎み、呪い殺そうとする。","67_Crewdal_Blood.sad","R","知識"
"67","11","36","0","39","23","16","0","8","8","1","12","リボンのルジュエ","主人を慕うリボンのルジュエ。主人に捨てられた後、魔法で命を吹き込まれた。もう1度主人に会えることを願って、頭にリボンをつけた。","68_Crewdal.sad","R","サポート"
"68","10","24","0","36","48","16","0","8","8","5","12","太糸のルジュエ","人間になりたい太糸のルジュエ。主人に捨てられた後、魔法で命を吹き込まれた。人間になりたくて、頭に太糸をつけた。","69_Crewdal.sad","R","健康"
"69","10","21","0","68","34","16","0","8","8","3","13","ルジュエ","捨てられたルジュエ。主人に捨てられた後、魔法で命を吹き込まれた。果てしない執着と憎しみを抱いている。ユルサナイ。","6670_Crewdal.sad","R","健康"
"70","11","29","0","57","0","16","0","8","8","4","10","ヴィド","古代の森の精霊。頭に鹿の角をつけ、子供の姿で森の中で暮らしていた。弱気そうに見えるが、内に秘めた力は強い。","71_Vido.sad","R","サポート"
"71","8","68","0","67","37","16","0","8","8","6","13","モヒカンキャロ","無法者のモヒカンキャロ。モヒカン頭で短い手足が特徴。通りすがりの商団や冒険家たちを襲って、金品を奪っていた。","72_Kallyrot_mo.sad","R","力"
"72","10","39","0","38","50","16","0","8","8","1","13","リーゼントキャロ","無法者のリーゼントキャロ。リーゼント頭で短い手足が特徴。通りすがりの商団や冒険家たちを襲って、金品を奪っていた。","73_Kallyrot_re.sad","R","健康"
"73","9","4","0","12","32","16","0","8","8","3","12","アフロキャロ","無法者のアフロキャロ。アフロ頭で短い手足が特徴。通りすがりの商団や冒険家たちを襲って、金品を奪っていた。","74_Kallyrot_a.sad","R","知識"
"74","8","25","0","7","55","16","0","8","8","6","22","ファフ","大きな炎の蛙ファフ。黄色のお腹が特徴。背中には赤色の炎が浮かんでいる。姿を見て皆怖がるが、実はとてもおとなしい。","75~78_Pfaff.sad","R","力"
"75","9","15","0","47","7","16","0","8","8","3","22","ポフ","大きな炎の蛙ポフ。赤色のお腹が特徴。背中には赤色の炎が浮かんでいる。姿を見て皆怖がるが、実はとてもおとなしい。","75~78_Pfaff.sad","R","知識"
"76","10","2","0","10","26","16","0","8","8","5","14","パフ","大きな炎の蛙パフ。紫色のお腹が特徴。背中には赤色の炎が浮かんでいる。姿を見て皆怖がるが、実はとてもおとなしい。","75~78_Pfaff.sad","R","健康"
"77","11","13","0","29","5","16","0","8","8","1","12","プフ","大きな炎の蛙プフ。薄い緑のお腹が特徴。背中には赤色の炎が浮かんでいる。姿を見て皆怖がるが、実はとてもおとなしい。","75~78_Pfaff.sad","R","サポート"
"78","8","38","0","39","25","16","0","8","8","2","10","レッドアブソル","海の海賊レッドアブソル。海で暮らす魚人で、海岸の村や船を略奪してきた。間抜けで鈍いが、お宝への欲はとどまることを知らない。","79~83_RedAepssol.sad","R","力"
"79","11","0","0","60","27","16","0","8","8","1","13","ブルーアブソル","海の海賊ブルーアブソル。海で暮らす魚人で、海岸の村や船を略奪してきた。間抜けで鈍いが、お宝への欲はとどまることを知らない。","79~83_RedAepssol.sad","R","サポート"
"80","10","5","0","29","13","16","0","8","8","6","15","グリーンアブソル","海の海賊グリーンアブソル。海で暮らす魚人で、海岸の村や船を略奪してきた。間抜けで鈍いが、お宝への欲はとどまることを知らない。","79~83_RedAepssol.sad","R","健康"
"81","10","17","0","61","56","16","0","8","8","4","12","パープルアブソル","海の海賊パープルアブソル。海で暮らす魚人で、海岸の村や船を略奪してきた。間抜けで鈍いが、お宝への欲はとどまることを知らない。","79~83_RedAepssol.sad","R","健康"
"82","8","38","0","45","26","16","0","8","8","5","22","ロードアブソル","海賊隊長のロードアブソル。10年に1人の強い魚人と言われている。子分を従え、今日もお宝を目指す。","82_RedAepssol.sad","R","力"
"83","8","34","0","60","28","16","0","8","8","3","11","強靭なヒヨコ戦士","強いヒヨコ戦士。可愛い外見のせいでよく見下されるが、実は剣術の達人である。自ら弱者の味方であると公言している。","84_ChickWarrior_strong.sad","R","力"
"84","11","38","0","21","34","16","0","8","8","5","14","強運のヒヨコ戦士","運が良いヒヨコ戦士。可愛い外見のせいでよく見下されるが、実は剣術の達人である。運が良いので万事うまくいく。","85_ChickWarrior_lucky.sad","R","サポート"
"85","9","7","0","15","47","16","0","8","8","1","22","賢明なヒヨコ戦士","頭の良いヒヨコ戦士。可愛い外見のせいでよく見下されるが、実は剣術の達人である。とても賢く、素晴らしい作戦を思いつくことがある。","86_ChickWarrior_wise.sad","R","知識"
"86","9","5","0","18","13","16","0","8","8","4","22","疾風のヒヨコ戦士","素早いヒヨコ戦士。可愛い外見のせいでよく見下されるが、実は剣術の達人である。目に見えないほど早く動ける。","87_ChickWarrior_quick.sad","R","知識"
"87","10","37","0","38","31","16","0","8","8","6","14","壮健なヒヨコ戦士","身体の丈夫なヒヨコ戦士。可愛い外見のせいでよく見下されるが、実は剣術の達人である。どんな攻撃にも決して屈しない。","88_ChickWarrior_solid.sad","R","健康"
"88","17","10","0","2","8","24","0","12","3","19","22","コボルト大魔導師","生まれつきの才能で最強の大魔導師となったコボルト。最近調子に乗っているらしい。ウエ～イ。","89_KoboldtheWizard.sad","HR","知識"
"89","17","15","0","7","43","24","0","12","3","19","13","ウィッチマゴ","老婆の姿をした魔女。しわだらけの顔は欲望にまみれている。実はなにか秘密があるらしい。","90_WitchMago.sad","HR","知識"
"90","19","11","0","3","27","24","0","12","12","5","22","ドレアス","氷の精霊ドレアス。髪の毛まで凍りついている。ゆったりとした動きが特徴。","91_Dreas.sad","HR","サポート"
"91","18","47","0","33","30","24","0","3","12","21","13","ナイトスピア","不死のナイトスピア。死と再生を繰り返すほど強くなる。寡黙で落ち着いた性格。","92_KnightSpear.sad","HR","健康"
"92","18","50","0","38","70","24","0","12","3","2","22","ドベルト","不思議な姿のドーベルマン。兎の皮を被って歩き回る。なぜかピンク色に異常な執着をみせる。","93_Dobereuteu.sad","HR","健康"
"93","16","58","0","56","28","24","0","12","12","3","12","タイムシュラット","時空間を守る紳士的なネズミ。2本の剣は時針と分針を意味する。時空間を乱す者を裁く審判者。","94_TimeSeullrat.sad","HR","力"
"94","18","13","0","5","21","24","0","12","12","5","10","エマティース","鉱山付近で暮らしていたクリーチャー。背中には宝石がついており、まばゆく輝いている。プライドが高い。","95_Amethys.sad","HR","健康"
"95","16","49","0","70","1","24","0","3","3","6","12","トゥルイク","2本の両刀斧を持つ、ワニの剣闘士。好戦的な性格で、すぐ頭に血がのぼってしまう。","96_Teuruik.sad","HR","力"
"96","16","12","0","4","22","24","0","12","3","6","22","グリフォン","はるか昔は碧空の支配者だったが、次元を超えている際に、記憶を失ってしまった。首にかかった鎖のせいでいつも機嫌が悪い。","97_Griffon.sad","HR","力"
"97","19","14","0","6","59","24","0","12","3","3","11","マスクグール","ネガティブな感情の塊。挫折と恐怖、そして悲哀が混ざって生成された悪魔。","98_Minoghoul.sad","HR","サポート"
"98","26","46","0","9","6","10","0","5","16","8","13","インキュバス","美しい男性型の夢魔。常に余裕のある微笑みを浮かべている。","99_Incubus.sad","SR","健康"
"99","24","60","0","45","1","32","0","16","5","4","17","吸血姫","すまし顔のヴァンパイアのお姫様。王族であることを誇りに思っている。子供は扱いが難しいから嫌い。","100_VampirePrinces.sad","SR","力"
"100","25","66","0","70","53","32","0","5","5","3","17","アイスクイーン","氷の女王様。身にまとう冷気が心まで凍らせてしまい、感情さえも凍ってしまったようだ。","101_IceQueen.sad","SR","知識"
"101","27","44","0","59","2","10","0","5","16","9","14","ラストウィッチ","才能を秘めた若い魔女。人間は面倒くさいので、老婆の姿で偽装している。","102_Witchhwonteu.sad","SR","サポート"
"102","24","39","0","69","24","32","0","5","16","7","12","ラミア","蛇の下半身を持つ少女。意地っ張りで、一度怒らせると相手が謝るまでいじめ続ける。","103_Reale.sad","SR","力"
"103","96","1","0","41","35","20","0","10","10","9","18","ヴァルキリー","戦争があるすべての場所に彼女は存在する。規律を大事に、正義感に溢れている。黄金の翼で飛翔する際は後光が輝き、人は目を奪われるという。","103_Valkyrie.sad","LR","力"
"104","34","51","0","20","19","20","0","10","10","7","23","アグレアス","太古に封印された悪魔。理性を失うと、その暴悪な本性が現れてしまう。好戦的で、自分の力を自慢するのが好き。最も扱いに苦労するクリーチャーともいえる。","104_Lagerberg.sad","LR","健康"
"105","19","68","0","69","23","24","0","3","12","3","11","泣き虫ルドルフ","サンタに追い出された可哀そうなルドルフ。いつも目に涙を浮かべている。ふええん。","106_Outcast Rudolf.sad","HR","サポート"
"106","17","64","0","67","66","24","0","12","12","19","13","クリスマスフェアリー","子供の靴下にプレゼントを入れてくれる妖精。柔らかい靴下の感触が好きで、頭に靴下を被っている。靴下は未使用なのでご安心を。","107_FairyOfChristmasSocks.sad","HR","知識"
"107","26","68","0","42","18","32","0","5","16","8","13","サンタレビット","クリスマスになるとどこからともなく現れ、幼いレビットたちにプレゼントを配ったという。ほっほっほ。","108_SantaRabito.sad","SR","健康"
"108","17","67","0","53","8","24","0","3","3","2","12","フォクシーテール","ウッドスタッフを持ち歩く狐の魔法師。いつも被っている花飾りの帽子は、お手製の一品。","109_Foxytail.sad","HR","知識"
"109","16","61","0","57","26","24","0","12","12","4","22","ハウンデブル","溶岩が流れる火山地帯に生息する炎の狂犬。体内から放たれる熱気は近づけないほど熱い。","110_Houndevil.sad","HR","力"
"110","24","62","0","70","63","32","0","5","16","8","10","レオフォールド","勇敢で誇り高いレオフォールドは群れのボスだった。その巨大な牙で相手を威嚇する。","111_Leopold.sad","SR","力"
"111","26","42","0","20","5","10","0","5","16","6","16","メリアス","エントの英雄で古代の森出身。次元を旅している途中に故郷を失い、今は放浪の身となっている。","112_Melias.sad","SR","健康"
"112","97","52","0","33","43","20","0","10","10","7","17","アビス","深海で暮らしていたが、次元の渦に巻き込まれてしまった水龍。その冷たい息吹は周辺を一瞬で凍らせてしまう。伝承によればアビスの真の力はドラゴートに匹敵するという。","113_Abyss.sad","LR","知識"
"113","80","24","0","19","28","24","0","3","12","3","11","ペンギン大佐","大空に憧れるペンギン。トレーニングを重ねた結果、ちょっとだけ飛べるようになった。大佐を名乗っているが軍人ではない。","114_Penguin.sad","HR","力"
"114","19","61","0","51","54","24","0","3","12","19","13","プリンセスルーナ","新月の夜に地上に降りるとされる月の精霊。精霊界の王家に生まれるが、家出中なので最近はいつも地上にいる。","115_PrincessLoon.sad","HR","サポート"
"115","27","55","0","52","36","32","0","5","16","8","15","コモルコクーン","コクーンの中に閉じこもったまま出てこない謎のクリーチャー。とてつもない力を秘めているのか？それともただの臆病者か？ 噂では物好きな冒険家が中を覗き込んでそのまま気を失ったという話もあるため、取扱いには要注意！","116_MysticCocoon.sad","SR","サポート"
"116","25","38","0","41","35","32","0","5","5","8","14","マートン所長","数多くの難事件を解決してきた名探偵。依頼者からの報酬はすべて書籍代に消えるため、事務所の経営は火の車。","117_DrLusid.sad","SR","知識"
"117","10","18","0","28","25","16","0","8","8","3","13","ワイアットピグ","ピグ兄弟の長兄。戦斧を巧みに使う。かわいい見た目とは違い強靭な肉体を誇る。他人の物を欲しがる悪い癖がある。","118_Wyatt Pig.sad","R","健康"
"118","8","2","0","10","45","16","0","8","8","2","11","コリントピグ","ピグ兄弟の次兄。剣を巧みに使う。かわいい見た目とは違い強靭な肉体を誇る。他人の物を欲しがる悪い癖がある。","119_Corinth Pig.sad","R","力"
"119","9","4","0","12","37","16","0","8","8","6","15","フィルバートピグ","ピグ兄弟の三兄。剣を巧みに使う。かわいい見た目とは違い強靭な肉体を誇る。他人の物を欲しがる悪い癖がある。","120_Filbert Pig.sad","R","知識"
"120","11","64","0","63","66","16","0","8","8","19","14","メイソンピグ","ピグ兄弟の末弟。こん棒を巧みに使う。かわいい見た目とは違い強靭な肉体を誇る。他人の物を欲しがる悪い癖がある。","121_Mason Pig.sad","R","サポート"
"121","18","17","0","42","25","24","0","3","12","6","13","クマーン","人里離れた山奥に生息するクマーンは気は優しくて力持ち。森の小さな仲間が危険にさらされた時は、巨大な丸太を振り回して戦うよクマ―！","122_Kumann.sad","HR","健康"
"122","24","55","0","19","23","32","0","5","16","21","15","スペクター","太古の幽鬼。伝承によると、スペクターが通り過ぎた場所には死だけが残ったと言われる。生あるものを憎み、彼らが恐怖に怯える様子を見るのを喜びとする。","123_Specter.sad","SR","力"
"123","72","57","0","17","54","16","0","8","8","1","12","骸骨仮面バット","骸骨仮面に棲息するコウモリ。骸骨仮面で人を驚かせて喜ぶ習性がある。 一般的なコウモリと違って、昼間でも活発に行動する。","124_BatMask_1.sad","R","力"
"124","73","23","0","6","14","16","0","8","8","4","13","ピエロ仮面バット","ピエロ仮面に棲息するコウモリ。ピエロ仮面で人を驚かせて喜ぶ習性がある。 一般的なコウモリと違って、昼間でも活発に行動する。","125_BatMask_2.sad","R","知識"
"125","74","32","0","0","39","16","0","8","8","4","12","舞台仮面バット","舞台仮面に棲息するコウモリ。舞台仮面で人を驚かせて喜ぶ習性がある。 一般的なコウモリと違って、昼間でも活発に行動する。","126_BatMask_3.sad","R","健康"
"126","75","65","0","65","62","16","0","8","8","19","14","トガリ仮面バット","トガリ仮面に棲息するコウモリ。トガリ仮面で人を驚かせて喜ぶ習性がある。 一般的なコウモリと違って、昼間でも活発に行動する。","127_BatMask_4.sad","R","サポート"
"127","19","37","0","20","55","24","0","3","12","6","15","見習い魔女リトル","キャンディのかごを持った見習い魔女。魔女修行のためキャンデーをみんなに配っている。 キャンデーの中に、超酸っぱいのが1個だけ混ざっているらしい。","128_LittleApprenticeWitch.sad","HR","サポート"
"128","24","35","0","22","56","10","0","5","16","8","10","パンプキンナイト","強靭なカボチャの騎士。自分の頭部を探し回りながら、ゆらめく狂気の青い炎を押さえつけている。","129_PumpkinHeadKnight.sad","SR","力"
"129","24","70","0","34","42","10","0","16","5","2","18","アサシン","キャスターが召喚した、暗殺者の英霊（サーヴァント）。セイバーを退けるほどの剣技の持ち主。","131_Fate_Assassin.sad","SR","力"
"130","27","22","0","25","67","10","0","16","16","9","14","アーチャー","遠坂凛と契約を交わした弓兵の英霊〈サーヴァント〉。衛宮士郎のことを敵視している。単独行動を得意とする。","130_Fate_Archer.sad","SR","サポート"
"131","26","57","0","20","37","32","0","5","16","8","13","バーサーカー","イリヤスフィールと契約を交わす狂戦士の英霊（サーヴァント）。クラス特性の狂化により、非常に強力な能力を発揮している。","132_Fate_Berserker.sad","SR","健康"
"132","24","25","0","68","45","32","0","16","16","4","16","ランサー","槍兵の英霊〈サーヴァント〉。高い敏捷性を誇り、セイバーと互角に渡り合う実力を持つ。","133_Fate_Lancer.sad","SR","力"
"133","32","42","0","1","22","20","0","10","10","20","18","セイバー","衛宮士郎と契約を交わした剣士の英霊〈サーヴァント〉。セイバーは〈サーヴァント〉の中でも最優のクラス。強力な宝具を持つ。","135_Fate_Saver.sad","LR","力"
"134","33","43","0","59","46","20","0","10","10","7","16","ライダー","間桐慎二と契約を交わした騎兵の英霊〈サーヴァント〉。機動力に優れ、結界を張る魔術なども得意とする。","134_Fate_Rider.sad","LR","知識"
"135","8","45","0","2","38","16","0","8","8","19","12","ピンクチビット","勉強好きな子うさぎ。読書に熱中するあまり視力が落ちてしまった。それでもなお、大きな耳を澄ませて学ぼうとしている。","136~139_LittleRabbit.sad","R","力"
"136","9","18","0","32","67","16","0","8","8","1","15","ブルーチビット","勉強好きな子うさぎ。読書に熱中するあまり視力が落ちてしまった。それでもなお、大きな耳を澄ませて学ぼうとしている。","136~139_LittleRabbit.sad","R","知識"
"137","10","63","0","66","64","16","0","8","8","1","11","グリーンチビット","勉強好きな子うさぎ。読書に熱中するあまり視力が落ちてしまった。それでもなお、大きな耳を澄ませて学ぼうとしている。","136~139_LittleRabbit.sad","R","健康"
"138","11","39","0","17","23","16","0","8","8","2","15","オレンジチビット","勉強好きな子うさぎ。読書に熱中するあまり視力が落ちてしまった。それでもなお、大きな耳を澄ませて学ぼうとしている。","136~139_LittleRabbit.sad","R","サポート"
"139","16","48","0","41","56","24","0","3","12","2","22","ライカンスロープ","自我を失い、元の姿に戻れなかった人狼。性格は獰猛で気が短い。赤い瞳は狂気に満ちている。","140_Lycanthrope.sad","HR","力"
"140","26","33","0","1","33","10","0","5","5","5","17","ケンタウロスナイト","あまたの英雄を導いた獣人。純白に輝く鎧は勇猛にして高貴な姿を際立たせる。戦闘では高潔な意志が宿ったポールアックスを振るって味方を守る。","141_KentarousKnight.sad","SR","健康"
"141","8","0","0","60","32","16","0","8","8","2","13","花精マリアカラス","両腕の先端がバラで覆われた花の妖精。芳しい香りと可憐な容姿に反して気難しい性格。","141_Spine_Lady.sad","R","力"
"142","9","66","0","62","34","16","0","8","8","4","11","花精シャルル","両腕の先端がバラで覆われた花の妖精。芳しい香りと可憐な容姿に反して気難しい性格。","141_Spine_Lady.sad","R","知識"
"143","10","67","0","36","11","16","0","8","8","6","14","花精サンブライト","両腕の先端がバラで覆われた花の妖精。芳しい香りと可憐な容姿に反して気難しい性格。","141_Spine_Lady.sad","R","健康"
"144","11","45","0","48","60","16","0","8","8","1","10","花精ブルームーン","両腕の先端がバラで覆われた花の妖精。芳しい香りと可憐な容姿に反して気難しい性格。","141_Spine_Lady.sad","R","サポート"
"145","8","26","0","0","61","16","0","8","8","2","14","ブラウンモス","恥ずかしがり屋の蛾の妖精。森の洞窟に棲み、めったに姿を見ることはないが、助けてくれた者には極上の絹糸を贈ると言われる。","145_Silky.sad","R","力"
"146","9","27","0","3","55","16","0","8","8","2","13","バイオレットモス","恥ずかしがり屋の蛾の妖精。森の洞窟に棲み、めったに姿を見ることはないが、助けてくれた者には極上の絹糸を贈ると言われる。","145_Silky.sad","R","知識"
"147","10","28","0","18","54","16","0","8","8","3","11","オリーブモス","恥ずかしがり屋の蛾の妖精。森の洞窟に棲み、めったに姿を見ることはないが、助けてくれた者には極上の絹糸を贈ると言われる。","145_Silky.sad","R","健康"
"148","11","29","0","49","30","16","0","8","8","5","14","ミュータントモス","恥ずかしがり屋の蛾の妖精。森の洞窟に棲み、めったに姿を見ることはない。突然変異種で、他のシルキーより神秘的な髪色を帯びている。","145_Silky.sad","R","サポート"
"149","16","67","0","60","35","24","0","12","3","5","14","キングクレバネット","金メッキの鎧と王笏を身に着けたカラス。カラスの王を自称しており、偉ぶることが大好きだ。","149_KingCravenette.sad","HR","力"
"150","19","14","0","43","31","24","0","3","12","19","15","ガイア","万物と共鳴し真理を探究し続ける精霊。非常に静かだが、真理について一旦口を開くと、千年間しゃべり続けると言われる。","150_Gaia.sad","HR","サポート"
"151","25","15","0","46","22","32","0","5","5","9","12","クレセンティ","月の国の王太子。見た目は幼い少年だが、その年齢は20億歳を超えると言われる。強力な月の魔法を駆使して契約者を助けるが、権威的な態度が鼻につく。","151_Crescenti.sad","SR","知識"
"152","32","69","0","42","40","20","0","10","10","20","18","グラビティアナ","時空を越えて旅をするタイムトラベラーの少女。旅の目的は不明だが、あらゆる時代に登場し、国家の興亡や歴史上の重大事件に立ち会ったと言われる。","152_Gravitiana.sad","LR","力"
"153","8","38","0","67","27","16","0","8","8","4","15","パープルエリーズ","花をこよなく愛するケンタウロス族の少女。植物を蘇生させる能力を持つ。長いまつげがチャームポイント。","153_BabyPony.sad","R","力"
"154","9","31","0","0","48","16","0","8","8","1","10","ブルーエリーズ","花をこよなく愛するケンタウロス族の少女。植物を蘇生させる能力を持つ。長いまつげがチャームポイント。","153_BabyPony.sad","R","知識"
"155","11","65","0","63","64","16","0","8","8","2","10","レッドエリーズ","花をこよなく愛するケンタウロス族の少女。植物を蘇生させる能力を持つ。長いまつげがチャームポイント。","153_BabyPony.sad","R","サポート"
"156","10","36","0","56","26","16","0","8","8","6","12","グリーンエリーズ","花をこよなく愛するケンタウロス族の少女。植物を蘇生させる能力を持つ。長いまつげがチャームポイント。","153_BabyPony.sad","R","健康"
"157","8","0","0","47","7","16","0","8","8","6","12","チャンピオンマモ","森のチャンピオンリス姉妹の長女。愛らしい容姿の裏には不屈のファイターの情熱が隠されている。キャロ族と王座を争っている。","157_ChampionSquirrel.sad","R","力"
"158","9","62","0","65","64","16","0","8","8","1","11","チャンピオンシマ","森のチャンピオンリス姉妹の次女。愛らしい容姿の裏には不屈のファイターの情熱が隠されている。キャロ族と王座を争っている。","157_ChampionSquirrel.sad","R","知識"
"159","11","18","0","30","60","16","0","8","8","5","10","チャンピオンモモ","森のチャンピオンリス姉妹の末っ子。愛らしい容姿の裏には不屈のファイターの情熱が隠されている。キャロ族と王座を争っている。","157_ChampionSquirrel.sad","R","サポート"
"160","10","21","0","38","68","16","0","8","8","3","15","チャンピオンジリ","森のチャンピオンリス姉妹の三女。愛らしい容姿の裏には不屈のファイターの情熱が隠されている。キャロ族と王座を争っている。","157_ChampionSquirrel.sad","R","健康"
"161","18","32","0","17","52","24","0","12","3","19","12","トリックスター","凶暴な性格のイノシシを駆るちびっ子冒険家。勝手に走り回るイノシシのせいでいつもフラフラしている。","161_Tricster.sad","HR","健康"
"162","27","14","0","8","53","32","0","5","5","9","13","オーロラ","輝く夜空から生まれた平和の妖精。オーロラの歌を聞くと心が安らぐという。","162_Aurora.sad","SR","サポート"
"163","24","41","0","0","39","10","0","16","16","2","17","アレクサンダ","正義感に溢れ、義侠心に篤いライガー族の武人。一族と民を守るために戦う。エリプト産の火酒をこよなく愛する。","163_Taiga.sad","SR","力"
"164","33","8","0","44","9","20","0","10","10","7","16","タナトス","持ち主を死へと誘う魔剣の力に魅せられたアンデッドクリーチャー。生前は武勇の誉れ高い騎士だったが、力を求めるあまり命と引き換えに魔剣に取り込まれてしまった。今も地下界を彷徨い続けている。","164_Thanatos.sad","LR","知識"
"165","8","45","0","68","24","16","0","8","8","19","10","プリンスリオン","まっすぐで勇敢な性格のライオンの兄弟。王座を巡ってお互いを牽制している。能力別に異なる色のたてがみ装飾をつけている。緑色のたてがみ装飾はリオンの象徴。","165_PrinceRion.sad","R","力"
"166","9","61","0","49","23","16","0","8","8","2","13","プリンスラオン","まっすぐで勇敢な性格のライオンの兄弟。王座を巡ってお互いを牽制している。能力別に異なる色のたてがみ装飾をつけている。紫色のたてがみ装飾はラオンの象徴。","165_PrinceRion.sad","R","知識"
"167","10","34","0","39","31","16","0","8","8","6","12","プリンスロウン","まっすぐで勇敢な性格のライオンの兄弟。王座を巡ってお互いを牽制している。能力別に異なる色のたてがみ装飾をつけている。青色のたてがみ装飾はロウンの象徴。","165_PrinceRion.sad","R","健康"
"168","11","45","0","50","67","16","0","8","8","3","11","プリンスルウン","まっすぐで勇敢な気質の子ライオン兄弟。王座を巡ってお互いを牽制している。能力別に異なる色のたてがみ装飾をつけている。赤色のたてがみ装飾はルウンの象徴。","165_PrinceRion.sad","R","サポート"
"169","8","61","0","13","0","16","0","8","8","19","14","アスター","森番人のハリネズミ。木の盾を装備している。頑固そうだが、実は照れ屋で顔を仮面で隠している。","166_Aster.sad","R","力"
"170","9","17","0","4","57","16","0","8","8","5","15","エスター","森番人のハリネズミ。木の盾を装備している。頑固そうだが、実は照れ屋で顔を仮面で隠している。","166_Aster.sad","R","知識"
"171","10","7","0","50","36","16","0","8","8","6","14","ウスター","森番人のハリネズミ。木の盾を装備している。頑固そうだが、実は照れ屋で顔を仮面で隠している。","166_Aster.sad","R","健康"
"172","11","62","0","24","37","16","0","8","8","3","11","イスター","森番人のハリネズミ。木の盾を装備している。頑固そうだが、実は照れ屋で顔を仮面で隠している。","166_Aster.sad","R","サポート"
"173","18","23","0","1","34","24","0","3","12","6","13","ドリーマー","人の夢を巧みに操り「夢見術師」の異名を持つ魔術師。ドリーマーにお願いすると悪夢を見なくなる魔法をかけてくれる。","167_Dreamer.sad","HR","健康"
"174","17","24","0","29","9","24","0","12","3","5","15","ノーマド","鎧の中に閉じ込められて彷徨う魂。ノーマドと目が合うと気を失ってしまうと言われている。","168_Nomad.sad","HR","知識"
"175","16","34","0","39","24","24","0","12","12","3","10","シッティングダイル","懸賞金ハンターのリザードマン。一度狙った獲物を逃すことはない。虚栄心が強く、殺した得物の骨の装飾具を過剰にかけてまわる。","169_Bountyhunter.sad","HR","力"
"176","19","66","0","62","21","24","0","12","12","4","24","メラニー","人間に憎悪を植え付ける悪魔の子。メラニーの矢が当たると、血が凍り愛情は嫌悪に変わる。","170_Topaz.sad","HR","サポート"
"177","18","18","0","40","18","24","0","3","12","1","22","シーウォーカー","海中のならずもの。陽の光が届かない海底でひっそりと暮らしている。かつては非常に狂暴な性格だったが、海底人の王子との戦いに敗れ、両手に封印の腕輪をつけられた。","171_SeaWalker.sad","HR","健康"
"178","17","45","0","33","44","24","0","3","3","5","10","カイザー","数万年の長きにわたり地底を支配した竜。今は老いと病が全身を蝕み、かつての力は無いが、それでも誰もが尊敬する高潔さを持つ。","172_Kaiser.sad","HR","知識"
"179","19","0","0","37","68","24","0","12","12","5","11","クレア","ねぼすけのコッカー・スパニエルのお嬢さん。大人しそうな外見からは想像もつかないほど寝相が悪い。","173_Claire.sad","HR","サポート"
"180","25","11","0","44","3","32","0","5","16","1","16","マキュリア","深海に住む妖精。美声でアリアを歌うことが特技で、歌にのせて未来の出来事を予言すると言われる。柔弱な性格のあまり外敵の攻撃を受けると水泡に帰してしまう。","174_Mercuria.sad","SR","知識"
"181","24","43","0","70","22","10","0","5","5","4","16","トワイライト","夕闇の果てで土くれから生まれたクリーチャー。トワイライトが動いた場所には薄明かりが残ると言われている。","175_Twilight.sad","SR","力"
"182","35","59","0","9","46","20","0","10","10","9","17","ハーモニー","混沌から生まれたクリーチャー。ハーモニーの目覚めと共に暗闇が消え、ハーモニーの手に触れた者たちは心の調和を得ると言われる。","176_Harmony.sad","LR","サポート"
"183","18","45","0","67","46","24","0","12","3","6","13","サキュバスヴェラ","人間の精気の代わりに、永遠に続く愛の力を食べて生きるサキュバスクリーチャー。常に猫型の魔物を抱いている。","177_Bella.sad","HR","健康"
"184","25","53","0","44","3","10","0","5","16","7","11","ラクネーラ","暗闇の中の女性。クロスステッチ刺繍が趣味の落ち着いた性格だが、何故か闇の存在たちから恐れられている。","178_Rachnera.sad","SR","知識"
"185","19","65","0","18","51","24","0","12","3","6","15","ヴィーナス","怒るとちょっと怖いけどいつも優しい看護婦さん。いつも救急箱を持ち歩いている。注射が大得意。","179_Venus.sad","HR","サポート"
"186","16","2","0","26","57","24","0","12","12","2","10","イフリート","炎を自由自在に操る精霊。短気な性格ではあるが根はとても世話焼き。","180_Ifrit.sad","HR","力"
"187","19","67","0","27","60","24","0","12","12","19","11","かんがえるさかな","いつも考え事をしながらうろついているさかな。考え事をしているうちに陸に上がってしまったが、まだそのことに気づいていない。","181_KingRoianII.sad","HR","サポート"
"188","34","19","0","42","43","20","0","10","10","7","23","一ノ瀬 はじめ","パワフルでエネルギッシュな女子高生。天然な発言が多いが物事の本質を見抜く感性を持つ。","182_Ichinose Hajime.sad","LR","健康"
"189","24","38","0","35","23","32","0","5","16","2","17","橘 清音","正義感の強い大学生。過去に自身を救ってくれた丈のことを尊敬している。","183_Tachibana.sad","SR","力"
"190","24","39","0","1","18","32","0","5","16","7","10","枇々木 丈","世界平和を望むダーツが得意な市長秘書。仕事が優秀で周囲からの評価も高い。","184_Hibiki.sad","SR","力"
"191","27","22","0","32","67","10","0","16","16","8","15","宮 うつつ","分身や治癒の超能力を操る少女。「うつうつします」が口癖。","184_Utsutsu.sad","SR","サポート"
"192","25","53","0","45","57","5","0","16","16","9","12","爾乃美家 累","SNS「GALAX」とそれを統括する「総裁X」を生み出した天才。人類のアップデートという理想を思い描き続けている。","185_Ninomiya.sad","SR","知識"
"193","9","26","0","10","65","16","0","8","8","2","14","オローニ","赤く光る巨大な球体と腕が頭に付いている正体不明の生き物。子供のように天真爛漫な性格である。","186~189_Allonee.sad","R","知識"
"194","11","27","0","11","66","16","0","8","8","1","14","オローナ","青く光る巨大な球体と腕が頭に付いている正体不明の生き物。子供のように天真爛漫な性格である。","186~189_Allonee.sad","R","サポート"
"195","9","28","0","12","63","16","0","8","8","6","15","オローネ","緑色に光る巨大な球体と腕が頭に付いている正体不明の生き物。子供のように天真爛漫な性格である。","186~189_Allonee.sad","R","知識"
"196","11","29","0","13","64","16","0","8","8","4","10","オローヌ","黄色く光る巨大な球体と腕が頭に付いている正体不明の生き物。子供のように天真爛漫な性格である。","186~189_Allonee.sad","R","サポート"
"197","8","17","0","48","56","16","0","8","8","3","10","ソードガーディアン","この兵士達は守護のために作られた。様々な種類の丈の長い兵器を使いこなせるよう設計され、中でも巨大な剣を持っているタイプの兵士だ。","190_Sword_Guardian.sad","R","力"
"198","10","18","0","50","21","16","0","8","8","19","15","アックスガーディアン","この兵士達は守護のために作られた。様々な種類の丈の長い兵器を使いこなせるよう設計され、中でも巨大な斧を持っているタイプの兵士だ。","191_Axe_Guardian.sad","R","健康"
"199","8","37","0","47","74","16","0","8","8","1","11","ハンマーガーディアン","この兵士達は守護のために作られた。様々な種類の丈の長い兵器を使いこなせるよう設計され、中でも巨大な槌を持っているタイプの兵士だ。","192_Hammer_Guardian.sad","R","力"
"200","10","32","0","49","57","16","0","8","8","5","15","スピアガーディアン","この兵士達は守護のために作られた。様々な種類の丈の長い兵器を使いこなせるよう設計され、中でも巨大な槍を持っているタイプの兵士だ。","193_Spear_Guardian.sad","R","健康"
"201","17","55","0","8","72","24","0","3","12","4","11","ブラックウィドー","漆黒のような闇を全身にまとっている女の人。とても上品でユーモラスに溢れている。","194_Blackwidow.sad","HR","知識"
"202","80","54","0","1","71","24","0","3","12","3","22","ホワイトレディー","白い頭巾を全身にまとっている女性。いつも何かのために祈りを捧げている。","195_Whitelady.sad","HR","力"
"203","89","70","0","52","61","10","0","5","16","3","18","シーカー","宇宙の理について観察し、探求している研究者。球体の中には小さな宇宙が広がっている。","196_Seeker.sad","SR","知識"
"204","96","77","0","42","33","20","0","10","10","8","18","ゴールド・エンペラー","正確な正体については不明である黄金の皇帝。異界を超えたことから力は弱まったものの、力の痕跡だけでも強力な力を感じることができる。","197_GoldEmperor.sad","LR","力"
"205","16","0","0","26","23","24","0","12","12","3","22","プチデリン","こんにちは～冒険家様！さあさあ、早く出発しようよ！ぐずぐずしてたら遅れちゃうよ！","198_Pet_Deline.sad","HR","力"
"206","17","68","0","8","62","24","0","3","12","19","22","プチダリン","あ！おかえりなさい、冒険家様！お疲れ様でした。どこかお怪我はございませんか？","199_Pet_Darline.sad","HR","知識"
"207","33","8","0","53","43","20","0","10","10","0","0","間桐桜[黒桜]","世の中に絶望した桜がアンリマユと契約をした姿。穏やかな姿は跡形もなくなり、冷笑的で残酷さのみ姿を映している。","100_VampirePrinces.sad","LR","知識"
"208","32","42","0","41","1","20","0","10","10","0","0","セイバー[オルタ]","アンリマユに飲み込まれ、反転した状態のセイバー。大聖杯から供給される魔力で生前以上の破壊力を持つ。","100_VampirePrinces.sad","LR","力"
"209","26","1","0","70","67","10","0","5","16","0","0","言峰綺礼","聖堂教会の代行者であり、聖杯戦争の監督官。すべての生命の誕生を祝福し、アンリマユの誕生を願っている。","100_VampirePrinces.sad","SR","健康"
"210","25","46","0","39","37","10","0","16","16","0","0","衛宮士郎","負傷により左腕を失くし、アーチャーの腕を移植した衛宮士郎。壊死を防ぐため、聖骸布で左腕をおおい隠している。","100_VampirePrinces.sad","SR","知識"
"211","10","56","0","18","23","16","0","8","8","2","11","アウルナイト","フクロウ族の勇敢な戦士。常に剣と盾を持ち歩き、仲間を心強く護衛する。","200_OwlKnight.sad","R","健康"
"212","11","38","0","34","24","16","0","8","8","3","12","アウルスカウト","フクロウ族の俊敏な偵察師。常に弓と矢を持ち歩き、周辺を眼光鋭く注視している。","201_OwlScout.sad","R","サポート"
"213","9","67","0","21","45","16","0","8","8","5","11","アウルスコラ","フクロウ族の賢明な賢者。常にフクロウ族の知恵が書かれている魔法書を持ち歩き研究を続けている。","202_OwlSchola.sad","R","知識"
"214","8","68","0","36","60","16","0","8","8","19","10","アウルバンディット","フクロウ族の敏捷なシーフ。常に鋭い双剣を持ち歩き、危険なトラップを暴いていく。","203_OwlBandit.sad","R","力"
"215","18","25","0","50","64","24","0","12","12","4","24","エルダーハーミット","おかしな熊の毛皮を羽織った老人。まるで、愉快な老人に見えるが、動物と共感し意思疎通が出来る能力を持つ。","204_Hermit.sad","HR","健康"
"216","27","72","0","32","57","32","0","16","16","5","16","アマニタマジシャン","可愛いキノコの帽子をかぶり、木の杖を持ち歩いている少女。いつもうたた寝をしてしまいそうな表情を浮かべている。","205_AmanitaMagician.sad","SR","サポート"
"217","97","53","0","46","33","20","0","10","10","8","16","ダークネスネビュラ","闇のオーラをまとった美しい豊饒の女神。彼女の骸骨が静かに叫喚すれば宇宙の生命が戦慄する。","206_Darkness_Nebula.sad","LR","知識"
"218","96","44","0","43","59","20","0","10","10","8","17","ワンインオール","一であり全、全であり一、扉であり鍵、始まりであり終わりである者。彼は宇宙の全てのものを操ることが出来ると伝えられている。","207_Oneinall.sad","LR","力"
"219","16","0","0","23","39","24","0","12","12","2","22","ティグ","勇ましい山虎。自分を育ててくれた冒険家によく懐く。","208_Tig.sad","HR","力"
"220","24","1","0","23","39","10","0","16","16","8","10","タイガーツ","たくましく育った山虎。自分を育ててくれた冒険家の強力な力になりたいと思っている。","209_Tigerz.sad","SR","力"
"221","83","63","0","66","62","24","0","12","12","19","15","ホーク","すばしっこい谷ワシ。自分を育ててくれた冒険家によく懐く。","210_Hawk.sad","HR","サポート"
"222","91","66","0","64","62","32","0","16","16","9","14","ホークルックス","忠誠心高く育った谷ワシ。自分を育ててくれた冒険家の傍でいつも力になりたいと思っている。","211_Hawkrous.sad","SR","サポート"
"223","17","78","0","45","21","24","0","12","12","4","11","シール","可愛い遠海アザラシ。自分を育ててくれた冒険家によく懐く。","212_Seal.sad","HR","知識"
"224","25","8","0","45","21","10","0","16","16","1","16","シーエンペラー","賢く育った遠海アザラシ。自分を育ててくれた冒険家に煌めく助言をしたいと思っている。","213_SeaEmperor.sad","SR","知識"
"225","18","18","0","17","24","24","0","12","12","6","13","テディ","深い森に住むたくましい熊。自分を育ててくれた冒険家によく懐く。","214_Teddy.sad","HR","健康"
"226","26","20","0","17","24","10","0","16","16","5","17","テオドール","頼もしく育った深い森の熊。自分を育ててくれた冒険家の前に立っていつも守ろうとしている。","215_Theodore.sad","SR","健康"
"227","16","38","0","0","49","24","0","12","12","3","15","タイニーフォックス","世の中で様々な経験を積み、修業中の幼い狐。いつも3つのしっぽを振っている。","216_Tinyfox.sad","HR","力"
"228","17","3","0","11","32","24","0","12","12","5","13","リトルロトル","清らかな水玉の中で生きている幼いサンショウウオ。可愛くて素直な性格でみんなから愛されている。","217_Littlelotlle.sad","HR","知識"
"229","18","54","0","36","22","24","0","12","3","1","10","ホエーリ","遠海の向こう側に住んでいる小さなクジラ。空を海のように泳いで冒険家の所にたどり着いた。","218_Whaleily.sad","HR","健康"
"230","25","8","0","14","43","10","0","16","5","9","11","セイクリッドフォックス","ついに伝説の力を手にいれた神秘的な狐。その青く神聖なる力が狐の周りに漂っている。","219_SacredFox.sad","SR","知識"
"231","24","39","0","1","41","32","0","5","5","7","10","ドレカニア","没落した竜人族の世界から来た騎士。守るべき王国は滅びてしまったが、いつもランスと盾で武装している。","220_Dracania.sad","SR","力"
"232","26","79","0","65","64","10","0","16","16","1","18","ホエーザランド","長い道のりの末に一つの世界となってしまった巨大な空クジラ。背の上には生命の木が生えているという。","221_Whaetheland.sad","SR","健康"
"233","32","40","0","51","35","20","0","10","10","20","23","プチランサー","別の次元から来たランサー。性格はちょっと気難しいが、可愛い外見でみんなから愛されている。","222_MagicLancer.sad","LR","力"
"234","33","9","0","53","44","20","0","10","10","9","16","プチウィザード","別の次元から来たウィザード。新しい世界と事件を経験しながら学問に対する情熱を燃やしている。","223_Wizard.sad","LR","知識"
"235","26","62","0","64","17","32","0","16","16","6","16","アルティナ・オライオン","《黒兎》ブラックラビットと言うコードネームで帝国軍情報局に所属し、情報局の“要請”を受けたリィンのサポート兼監視役として1年以上もの間、
《灰色の騎士》を側で支えていた。","224_Altina.sad","SR","健康"
"236","25","8","0","32","21","10","0","16","16","9","11","アリサ・ラインフォルト","RF（ラインフォルト）グループの令嬢。
RFグループのシニアマネージャーとしてエプスタイン財団との協力体制を
築くなど、日々の業務に励んでいた。","225_Alisa.sad","SR","知識"
"237","24","40","0","35","23","10","0","5","16","7","12","ラウラ・Ｓ・アルゼイド","剣の道を究めんとする武の名門、アルゼイド子爵家の息女。
トールズ卒業後、父アルゼイド子爵と共に修業の道に入り、一年半という
短期間でアルゼイド流の奥義を皆伝し、師範代に到達。","225_Laura.sad","SR","力"
"238","32","40","0","1","19","20","0","10","10","9","18","リィン・シュバルツァー","《八葉一刀流》の使い手であり、“鬼の力”を内に秘めている。
帝国内戦後、《灰の騎神ヴァリマール》を駆る《灰色の騎士》として
帝国内で英雄視されるようになった。","226_Lean.sad","LR","力"
"239","33","8","0","9","43","20","0","10","10","9","16","クロウ・アームブラスト","ギャンブル好きのお調子者だが、裏ではテロ組織《帝国解放戦線》の
リーダーとして動いていた。
一度死亡しているが、《地精》の企てによって仮初の命を与えられた。","227_Crow.sad","LR","知識"
"240","16","0","0","23","39","24","0","12","12","6","12","ラリエン","世界の向こう、フランデル大陸の人々の呼びかけに応えてここに現れた！特技は活発で元気いっぱいな歌。みんなの心を踊らせたいと思っている。","240_Larien.sad","HR","力"
"241","24","1","0","23","39","10","0","16","16","4","17","スーパースターラリエン","世界の向こう、フランデル大陸の人々の呼びかけに応えてここに現れた！特技はさらに活発で元気いっぱいな歌。スーパースターの座に上った彼女の歌はみんなの心を踊らせる。","241_SuperStarLarien.sad","SR","力"
"242","83","63","0","66","62","24","0","12","12","5","11","シュークリーム","世界の向こう、フランデル大陸の人々の呼びかけに応えてここに現れた！特技は可愛くてあどけないパフォーマンス。みんなに愛されるマスコットになりたいと思っている。","242_Choucream.sad","HR","サポート"
"243","91","66","0","64","62","32","0","16","16","5","16","スーパースターシュークリーム","世界の向こう、フランデル大陸の人々の呼びかけに応えてここに現れた！特技はさらに可愛くてあどけないパフォーマンス。スーパースターの座に上ったシュークリームの人気は落ちる事なくうなぎ登りだ。","243_SuperStarChoucream.sad","SR","サポート"
"244","17","78","0","45","21","24","0","12","12","2","12","セリス","世界の向こう、フランデル大陸の人々の呼びかけに応えてここに現れた！特技は落ち着いた雰囲気の奥深い歌。みんなの心に落ち着いた雰囲気の歌を聞かせたいと思っている。","244_Ceris.sad","HR","知識"
"245","25","8","0","45","21","10","0","16","16","7","11","スーパースターセリス","世界の向こう、フランデル大陸の人々の呼びかけに応えてここに現れた！特技はさらに落ち着いた雰囲気の奥深い歌。スーパースターの座に上った彼女の歌はみんなの心を落ち着かせる。","245_SuperStarCeris.sad","SR","知識"
"246","18","18","0","17","24","24","0","12","12","19","12","デクスター","世界の向こう、フランデル大陸の人々の呼びかけに応えてここに現れた！特技は自由奔放で激しいダンス。みんなの心を興奮させたいと思っている。","246_Dexter.sad","HR","健康"
"247","26","20","0","17","24","10","0","16","16","1","18","スーパースターデクスター","世界の向こう、フランデル大陸の人々の呼びかけに応えてここに現れた！特技はさらに自由奔放で激しいダンス。スーパースターの座に上った彼のダンスはみんなの心を興奮させる。","247_SuperStarDexter.sad","SR","健康"
"248","27","24","0","21","7","32","0","16","16","8","15","アイスエンジェル","500年前、トラブルばかり起こしていた天上界のちび天使。RED STONE強奪事件当時、天上界から追放され、RED STONEの探索と回収を手伝うように命じられた。いたずらできないようにアイスクリームの中に閉じ込められ、天使たちと一緒に追放された。","248_IceAngle.sad","SR","サポート"
"249","8","49","0","0","17","16","0","8","8","3","12","ブルーペガサス","空を駆けるブルーペガサス。羽を伸ばし素早く駆け出すと誰も追いつく事は出来ないという。","249~252_Pegasus.sad","R","力"
"250","9","10","0","78","26","16","0","8","8","2","15","レッドペガサス","空を駆けるレッドペガサス。羽を伸ばし素早く駆け出すと誰も追いつく事は出来ないという。","249~252_Pegasus.sad","R","知識"
"251","10","25","0","36","55","16","0","8","8","6","10","グリーンペガサス","空を駆けるグリーンペガサス。羽を伸ばし素早く駆け出すと誰も追いつく事は出来ないという。","249~252_Pegasus.sad","R","健康"
"252","11","34","0","15","18","16","0","8","8","4","12","パープルペガサス","空を駆けるパープルペガサス。羽を伸ばし素早く駆け出すと誰も追いつく事は出来ないという。","249~252_Pegasus.sad","R","サポート"
"253","17","5","0","13","45","24","0","12","12","19","11","セリウス","自然を守護し、祝福するケンタウロス。彼の周辺にはいつも緑の自然のオーラが流れている。","253_Serius.sad","HR","知識"
"254","18","11","0","78","63","24","0","12","12","19","10","ヒドラゴン","頭が三つで、強力な猛毒を持っているクリーチャー。その息に触れると緑の自然さえも一瞬で汚染されてしまう。","254_Hydragon.sad","HR","健康"
"255","24","1","0","36","41","10","0","16","5","2","18","ハーピー","自由に青空を飛び回りながら獲物を狩る怪鳥クリーチャー。その爪に捕まった獲物は絶対に逃げられないという。","255_Harpiea.sad","SR","力"
"256","32","41","0","52","69","20","0","10","10","7","18","クレティオン","迷路のように入り組んだ迷宮を守る巨大な門番。両手に持った斧を力強く打ち下ろし、いかなる侵入者も許さないという。","256_Cretion.sad","LR","力"
"257","19","18","0","21","57","24","0","12","12","19","13","ナースヴェラ","人間の精気の代わりに、永遠に続く愛の力を食べて生きるサキュバスクリーチャー。今度は、今までもらった愛の力をみんなに分けてくれるみたいだ。愛情がたっぷりこもった巨大な注射器を背負っている。","Pet_Bella_nurse_w.sad","HR","サポート"
"258","26","19","0","18","25","10","0","16","16","4","18","ネメライオン","ある異国の神話に登場する獅子で、英雄に与えられた試練の1つでもある。その獣の毛と皮は、鎧のごとく非常に硬いという。","258_Nemerian.sad","SR","健康"
"259","25","85","0","15","78","10","0","16","16","9","12","ケレンディア","ある異国の神話に登場する牝鹿で、英雄に与えられた試練の1つでもある。その獣の角は見るからに勇ましく、牡牛よりも大きい。さらに、矢よりも早い速度で走ることができるという。","259_Kerendia.sad","SR","知識"
"260","32","80","0","35","1","20","0","10","10","7","23","プチシュラグ","自分の力を世に自慢するためにシュラグが作り出した小さい分身の1つ。しかし、自分よりも強力な冒険家の力に魅了されたのか、気が付いたら冒険家の後にくっついて歩いていた。","260_Schrag.sad","LR","力"
"261","32","87","0","46","20","20","0","10","10","21","16","プチファルコン","自分の力を世に自慢するためにファルコンが作り出した小さい分身の1つ。冒険家に突っかかったが、すぐ取り押さえられた。今は、冒険家を慕っているという。","261_Falcon.sad","LR","力"
"262","90","20","0","67","68","10","0","16","16","1","14","シトリロン","レモンの妖精。爽やかな香りを振りまきながら持ち主に健康と運を授ける。唐揚げが好き。","262_Siteulillon.sad","SR","健康"
"263","17","5","0","13","29","24","0","12","12","5","10","アティピカル","とある世界で生まれた異型のクリーチャー。ある物質の影響で羽が大きな腕へと変化した。マスクの下の素顔は見たらきっと後悔するだろう。","263_Atipikal.sad","HR","知識"
"264","83","62","0","65","45","24","0","12","12","3","15","ツッパリフェアリー","周りから馬鹿にされないようにリーゼントにした泣き虫な妖精。喧嘩に負けては、涙を流している。幼馴染にもらったマフラーを大事にしている。","264_Bluff_Fairy.sad","HR","サポート"
"265","17","78","0","9","21","24","0","3","12","7","14","イブニングドレスヴェラ","人間の精気の代わりに、永遠に続く愛の力を食べて生きるサキュバスクリーチャー。今度は、優雅なイブニングドレスを着て現れ、より多くの愛情を手に入れようとしている。手に人を惑わす灯を持っている。","NEW_Pet_Evening_Bella.sad","HR","知識"
"266","81","45","0","30","14","24","0","12","12","3","11","獅子舞レビット","獅子舞の仮面を被った可愛いレビット。可愛らしい姿で多くの人から愛されている。","266_ShishimaiRebito.sad","HR","知識"
"267","80","38","0","56","34","24","0","12","12","1","14","能面レビット","能のお面を付けた可愛いレビット。可愛らしい姿で多くの人から愛されている。
","267_HahoeRebito.sad","HR","力"
"268","82","64","0","63","21","24","0","12","12","5","15","サンバレビット","サンバの衣装を着ている可愛いレビット。可愛らしい姿で多くの人から愛されている。","268_SambaRebito.sad","HR","健康"
"269","104","64","0","63","21","24","0","12","12","20","23","ルミエール","天上からの祝福により生まれ変わった光明の使徒。彼女の聖剣が闇を切り裂き、彼女の後光が光の道を進む者たちを導いてゆくことだろう。","269_Lumiel.sad","GR","力"
"270","41","64","0","63","21","24","0","12","12","21","23","ダイン","地下界の神秘が込められている死の化身。誰も避けられない、必衰の運命を意味するその名を太古の悪魔が直々に命名した。","270_Dyine.sad","GR","知識"
"271","107","64","0","63","21","24","0","12","12","20","24","プロパゴス","赤い悪魔ロシペルが育て上げた使い魔。世界中の秩序を覆そうとする主のずる賢さと悪意を余すところなく受け継いでいる。","271_Propagos.sad","GR","サポート"
